{"cameraMode":{"drawMode":0,"name":"Shaded","section":"Shading Mode"},"sceneLighting":false,"audioPlay":false,"sceneViewState":{"showFog":true,"showMaterialUpdate":false,"showSkybox":false,"showFlares":true,"showImageEffects":true,"showParticleSystems":true},"in2DMode":false,"pivot":{"x":0.15466251969337464,"y":-0.36239251494407656,"z":2.3332035541534426},"rotation":{"x":-0.0945250391960144,"y":-0.05462853983044624,"z":0.005194916855543852,"w":-0.994010329246521},"size":1.6483416557312012,"orthographic":false}