{"cameraMode":{"drawMode":0,"name":"Shaded","section":"Shading Mode"},"sceneLighting":false,"audioPlay":false,"sceneViewState":{"showFog":true,"showMaterialUpdate":false,"showSkybox":false,"showFlares":true,"showImageEffects":true,"showParticleSystems":true},"in2DMode":false,"pivot":{"x":1.3295884132385255,"y":0.26772838830947878,"z":0.49167537689208987},"rotation":{"x":-0.0629630982875824,"y":0.09774398803710938,"z":-0.006196398753672838,"w":-0.9931997656822205},"size":3.297464370727539,"orthographic":false}