{"cameraMode":{"drawMode":0,"name":"Shaded","section":"Shading Mode"},"sceneLighting":false,"audioPlay":false,"sceneViewState":{"showFog":true,"showMaterialUpdate":false,"showSkybox":false,"showFlares":true,"showImageEffects":true,"showParticleSystems":true},"in2DMode":false,"pivot":{"x":8.874251365661621,"y":-4.2519073486328129,"z":5.924595355987549},"rotation":{"x":-0.16501685976982118,"y":-0.4839476943016052,"z":0.0934852734208107,"w":-0.8543163537979126},"size":5.7022199630737309,"orthographic":false}