{"cameraMode":{"drawMode":0,"name":"Shaded","section":"Shading Mode"},"sceneLighting":false,"audioPlay":false,"sceneViewState":{"showFog":true,"showMaterialUpdate":false,"showSkybox":false,"showFlares":true,"showImageEffects":true,"showParticleSystems":true},"in2DMode":false,"pivot":{"x":0.41253235936164858,"y":0.12345802783966065,"z":1.5008549690246583},"rotation":{"x":-0.33119162917137148,"y":0.09376269578933716,"z":-0.03309905529022217,"w":-0.9383249282836914},"size":1.4974645376205445,"orthographic":false}