{"cameraMode":{"drawMode":0,"name":"Shaded","section":"Shading Mode"},"sceneLighting":true,"audioPlay":false,"sceneViewState":{"showFog":true,"showMaterialUpdate":false,"showSkybox":true,"showFlares":true,"showImageEffects":true,"showParticleSystems":true},"in2DMode":false,"pivot":{"x":-0.2752857208251953,"y":0.6054303646087647,"z":-1.2328588962554932},"rotation":{"x":-0.11787011474370957,"y":0.8095319271087647,"z":-0.17407776415348054,"w":-0.5481436848640442},"size":3.007394790649414,"orthographic":false}