{"cameraMode":{"drawMode":0,"name":"Shaded","section":"Shading Mode"},"sceneLighting":false,"audioPlay":false,"sceneViewState":{"showFog":true,"showMaterialUpdate":false,"showSkybox":false,"showFlares":true,"showImageEffects":true,"showParticleSystems":true},"in2DMode":false,"pivot":{"x":0.1566551923751831,"y":2.2882444858551027,"z":0.26786136627197268},"rotation":{"x":-0.07215499132871628,"y":-0.050249870866537097,"z":0.0036399206146597864,"w":-0.996120810508728},"size":4.497464656829834,"orthographic":false}