{"cameraMode":{"drawMode":0,"name":"Shaded","section":"Shading Mode"},"sceneLighting":true,"audioPlay":false,"sceneViewState":{"showFog":true,"showMaterialUpdate":false,"showSkybox":true,"showFlares":true,"showImageEffects":true,"showParticleSystems":true},"in2DMode":false,"pivot":{"x":195.83302307128907,"y":212.6043701171875,"z":-24.204605102539064},"rotation":{"x":-0.22775161266326905,"y":-0.018404783681035043,"z":0.00430567329749465,"w":-0.9735363721847534},"size":96.58255767822266,"orthographic":false}