{"cameraMode":{"drawMode":0,"name":"Shaded","section":"Shading Mode"},"sceneLighting":false,"audioPlay":false,"sceneViewState":{"showFog":true,"showMaterialUpdate":false,"showSkybox":false,"showFlares":true,"showImageEffects":true,"showParticleSystems":true},"in2DMode":false,"pivot":{"x":-0.23483338952064515,"y":0.4275229275226593,"z":0.8157812356948853},"rotation":{"x":-0.07215499132871628,"y":-0.050249870866537097,"z":0.0036399206146597864,"w":-0.996120810508728},"size":1.0701520442962647,"orthographic":false}