{"cameraMode":{"drawMode":0,"name":"Shaded","section":"Shading Mode"},"sceneLighting":true,"audioPlay":false,"sceneViewState":{"showFog":true,"showMaterialUpdate":false,"showSkybox":true,"showFlares":true,"showImageEffects":true,"showParticleSystems":true},"in2DMode":false,"pivot":{"x":26.78219223022461,"y":1.7585668563842774,"z":19.83452606201172},"rotation":{"x":-0.17914792895317079,"y":0.30063462257385256,"z":-0.0576028972864151,"w":-0.9349902868270874},"size":39.39225769042969,"orthographic":false}