{"cameraMode":{"drawMode":0,"name":"Shaded","section":"Shading Mode"},"sceneLighting":true,"audioPlay":false,"sceneViewState":{"showFog":true,"showMaterialUpdate":false,"showSkybox":true,"showFlares":true,"showImageEffects":true,"showParticleSystems":true},"in2DMode":false,"pivot":{"x":55.34932327270508,"y":-7.610246658325195,"z":-5.818751335144043},"rotation":{"x":0.055626608431339267,"y":0.7671657800674439,"z":-0.06715197116136551,"w":0.6354957222938538},"size":57.015926361083987,"orthographic":false}