{"cameraMode":{"drawMode":0,"name":"Shaded","section":"Shading Mode"},"sceneLighting":false,"audioPlay":false,"sceneViewState":{"showFog":true,"showMaterialUpdate":false,"showSkybox":false,"showFlares":true,"showImageEffects":true,"showParticleSystems":true},"in2DMode":false,"pivot":{"x":0.04266098141670227,"y":-0.3971013128757477,"z":0.38344767689704897},"rotation":{"x":-0.38642486929893496,"y":0.24617621302604676,"z":-0.10781923681497574,"w":-0.8822970986366272},"size":0.4700801968574524,"orthographic":false}