{"cameraMode":{"drawMode":0,"name":"Shaded","section":"Shading Mode"},"sceneLighting":false,"audioPlay":false,"sceneViewState":{"showFog":true,"showMaterialUpdate":false,"showSkybox":false,"showFlares":true,"showImageEffects":true,"showParticleSystems":true},"in2DMode":false,"pivot":{"x":0.801544725894928,"y":-0.4262467920780182,"z":0.3917509615421295},"rotation":{"x":-0.3003382980823517,"y":-0.4206405580043793,"z":0.1498904675245285,"w":-0.8428499698638916},"size":1.5779080390930176,"orthographic":false}