{"cameraMode":{"drawMode":0,"name":"Shaded","section":"Shading Mode"},"sceneLighting":false,"audioPlay":false,"sceneViewState":{"showFog":true,"showMaterialUpdate":false,"showSkybox":false,"showFlares":true,"showImageEffects":true,"showParticleSystems":true},"in2DMode":false,"pivot":{"x":-0.5576612949371338,"y":0.5765508413314819,"z":0.21762216091156007},"rotation":{"x":0.014021717943251133,"y":0.8505451679229736,"z":0.022706834599375726,"w":-0.5252246856689453},"size":1.4285898208618165,"orthographic":false}