{"cameraMode":{"drawMode":0,"name":"Shaded","section":"Shading Mode"},"sceneLighting":true,"audioPlay":false,"sceneViewState":{"showFog":true,"showMaterialUpdate":false,"showSkybox":true,"showFlares":true,"showImageEffects":true,"showParticleSystems":true},"in2DMode":false,"pivot":{"x":-97.8950424194336,"y":-52.53252029418945,"z":67.11248016357422},"rotation":{"x":-0.1849689930677414,"y":0.45342275500297549,"z":-0.09679028391838074,"w":-0.8665025234222412},"size":69.949462890625,"orthographic":false}