{"cameraMode":{"drawMode":0,"name":"Shaded","section":"Shading Mode"},"sceneLighting":true,"audioPlay":false,"sceneViewState":{"showFog":true,"showMaterialUpdate":false,"showSkybox":true,"showFlares":true,"showImageEffects":true,"showParticleSystems":true},"in2DMode":false,"pivot":{"x":-20.49172019958496,"y":2.4287726879119875,"z":3.446718215942383},"rotation":{"x":-0.005265905987471342,"y":0.8246222734451294,"z":-0.007677086163312197,"w":-0.5656073093414307},"size":4.815346717834473,"orthographic":false}