{"cameraMode":{"drawMode":0,"name":"Shaded","section":"Shading Mode"},"sceneLighting":false,"audioPlay":false,"sceneViewState":{"showFog":true,"showMaterialUpdate":false,"showSkybox":false,"showFlares":true,"showImageEffects":true,"showParticleSystems":true},"in2DMode":false,"pivot":{"x":0.0,"y":-0.042820051312446597,"z":0.00006914138793945313},"rotation":{"x":-0.2284465879201889,"y":-0.17356738448143006,"z":0.041433390229940417,"w":-0.9570725560188294},"size":0.47691377997398379,"orthographic":false}