{"cameraMode":{"drawMode":0,"name":"Shaded","section":"Shading Mode"},"sceneLighting":false,"audioPlay":false,"sceneViewState":{"showFog":true,"showMaterialUpdate":false,"showSkybox":false,"showFlares":true,"showImageEffects":true,"showParticleSystems":true},"in2DMode":false,"pivot":{"x":0.001984713599085808,"y":-0.023485060781240464,"z":-0.00975973904132843},"rotation":{"x":-0.1940298229455948,"y":-0.020013118162751199,"z":0.003959283698350191,"w":-0.9807832837104797},"size":0.08660253882408142,"orthographic":false}