{"cameraMode":{"drawMode":0,"name":"Shaded","section":"Shading Mode"},"sceneLighting":false,"audioPlay":false,"sceneViewState":{"showFog":true,"showMaterialUpdate":false,"showSkybox":false,"showFlares":true,"showImageEffects":true,"showParticleSystems":true},"in2DMode":false,"pivot":{"x":1.318966031074524,"y":-1.4617871046066285,"z":2.825201988220215},"rotation":{"x":-0.2284465879201889,"y":-0.17356738448143006,"z":0.041433390229940417,"w":-0.9570725560188294},"size":1.917318344116211,"orthographic":false}