{"cameraMode":{"drawMode":0,"name":"Shaded","section":"Shading Mode"},"sceneLighting":false,"audioPlay":false,"sceneViewState":{"showFog":false,"showMaterialUpdate":false,"showSkybox":false,"showFlares":true,"showImageEffects":false,"showParticleSystems":false},"in2DMode":false,"pivot":{"x":0.2019302397966385,"y":-0.05429881811141968,"z":0.005551695823669434},"rotation":{"x":0.0388978086411953,"y":0.6960898041725159,"z":-0.03786768391728401,"w":0.7159878611564636},"size":1.0693892240524293,"orthographic":false}