{"cameraMode":{"drawMode":0,"name":"Shaded","section":"Shading Mode"},"sceneLighting":false,"audioPlay":false,"sceneViewState":{"showFog":false,"showMaterialUpdate":false,"showSkybox":false,"showFlares":true,"showImageEffects":false,"showParticleSystems":false},"in2DMode":false,"pivot":{"x":0.42621368169784548,"y":-0.08229131996631623,"z":0.26692497730255129},"rotation":{"x":0.11979391425848007,"y":-0.062204692512750629,"z":0.00747096398845315,"w":0.9908795952796936},"size":1.0693892240524293,"orthographic":false}