{"cameraMode":{"drawMode":0,"name":"Shaded","section":"Shading Mode"},"sceneLighting":false,"audioPlay":false,"sceneViewState":{"showFog":false,"showMaterialUpdate":false,"showSkybox":false,"showFlares":true,"showImageEffects":false,"showParticleSystems":false},"in2DMode":false,"pivot":{"x":0.42621368169784548,"y":-0.08229131996631623,"z":0.26692497730255129},"rotation":{"x":-0.15662908554077149,"y":-0.1866264045238495,"z":-0.030207689851522447,"w":0.9694531559944153},"size":1.0693892240524293,"orthographic":false}