{"cameraMode":{"drawMode":0,"name":"Shaded","section":"Shading Mode"},"sceneLighting":false,"audioPlay":false,"sceneViewState":{"showFog":false,"showMaterialUpdate":false,"showSkybox":false,"showFlares":true,"showImageEffects":false,"showParticleSystems":false},"in2DMode":false,"pivot":{"x":0.9883052706718445,"y":0.19344399869441987,"z":-1.9120306968688965},"rotation":{"x":-0.004702378995716572,"y":0.9821157455444336,"z":0.024745294824242593,"w":0.1866413950920105},"size":1.3493099212646485,"orthographic":false}