{"cameraMode":{"drawMode":0,"name":"Shaded","section":"Shading Mode"},"sceneLighting":false,"audioPlay":false,"sceneViewState":{"showFog":false,"showMaterialUpdate":false,"showSkybox":false,"showFlares":true,"showImageEffects":false,"showParticleSystems":false},"in2DMode":false,"pivot":{"x":0.6251754760742188,"y":-0.11089053004980087,"z":0.3359469771385193},"rotation":{"x":0.11979391425848007,"y":-0.062204692512750629,"z":0.00747096398845315,"w":0.9908795952796936},"size":0.4560970664024353,"orthographic":false}