{"cameraMode":{"drawMode":0,"name":"Shaded","section":"Shading Mode"},"sceneLighting":false,"audioPlay":false,"sceneViewState":{"showFog":false,"showMaterialUpdate":false,"showSkybox":false,"showFlares":true,"showImageEffects":false,"showParticleSystems":false},"in2DMode":false,"pivot":{"x":0.4799998998641968,"y":-0.09161293506622315,"z":0.1433882713317871},"rotation":{"x":-0.07018864899873734,"y":0.5415375232696533,"z":0.045408472418785098,"w":0.8365635275840759},"size":1.052428960800171,"orthographic":false}