{"cameraMode":{"drawMode":0,"name":"Shaded","section":"Shading Mode"},"sceneLighting":true,"audioPlay":false,"sceneViewState":{"showFog":false,"showMaterialUpdate":false,"showSkybox":true,"showFlares":true,"showImageEffects":false,"showParticleSystems":false},"in2DMode":false,"pivot":{"x":-0.4950580596923828,"y":0.3301520347595215,"z":7.5075907707214359},"rotation":{"x":0.08128254115581513,"y":-0.6879634261131287,"z":0.07789014279842377,"w":0.7170501351356506},"size":4.587272644042969,"orthographic":false}