{"cameraMode":{"drawMode":0,"name":"Shaded","section":"Shading Mode"},"sceneLighting":false,"audioPlay":false,"sceneViewState":{"showFog":false,"showMaterialUpdate":false,"showSkybox":false,"showFlares":true,"showImageEffects":false,"showParticleSystems":false},"in2DMode":false,"pivot":{"x":0.5753634572029114,"y":-0.10115621984004975,"z":1.5892069339752198},"rotation":{"x":0.08869612962007523,"y":0.0029833700973540546,"z":-0.0002804555697366595,"w":0.9960949420928955},"size":0.6694542169570923,"orthographic":false}