{"cameraMode":{"drawMode":0,"name":"Shaded","section":"Shading Mode"},"sceneLighting":false,"audioPlay":false,"sceneViewState":{"showFog":false,"showMaterialUpdate":false,"showSkybox":false,"showFlares":true,"showImageEffects":false,"showParticleSystems":false},"in2DMode":false,"pivot":{"x":-3.7699999809265138,"y":0.13099998235702516,"z":1.7750000953674317},"rotation":{"x":-0.06571966409683228,"y":0.9124397039413452,"z":-0.16208921372890473,"w":-0.36995235085487368},"size":4.879209518432617,"orthographic":false}