{"cameraMode":{"drawMode":0,"name":"Shaded","section":"Shading Mode"},"sceneLighting":false,"audioPlay":false,"sceneViewState":{"showFog":false,"showMaterialUpdate":false,"showSkybox":false,"showFlares":true,"showImageEffects":false,"showParticleSystems":false},"in2DMode":false,"pivot":{"x":-0.11070237308740616,"y":-0.01567661017179489,"z":1.2834419012069703},"rotation":{"x":-0.03281228616833687,"y":0.943440318107605,"z":-0.09829170256853104,"w":-0.31495025753974917},"size":0.17181479930877686,"orthographic":false}