{"cameraMode":{"drawMode":0,"name":"Shaded","section":"Shading Mode"},"sceneLighting":false,"audioPlay":false,"sceneViewState":{"showFog":false,"showMaterialUpdate":false,"showSkybox":false,"showFlares":true,"showImageEffects":false,"showParticleSystems":false},"in2DMode":false,"pivot":{"x":-0.006939921528100967,"y":0.23255404829978944,"z":0.757548987865448},"rotation":{"x":0.0835617184638977,"y":0.02749679423868656,"z":0.002307458780705929,"w":-0.9961289167404175},"size":0.4806171953678131,"orthographic":false}