{"cameraMode":{"drawMode":0,"name":"Shaded","section":"Shading Mode"},"sceneLighting":true,"audioPlay":false,"sceneViewState":{"showFog":true,"showMaterialUpdate":false,"showSkybox":true,"showFlares":true,"showImageEffects":true,"showParticleSystems":true},"in2DMode":false,"pivot":{"x":-25.05048942565918,"y":-29.503276824951173,"z":66.61661529541016},"rotation":{"x":-0.1669173538684845,"y":0.2001986801624298,"z":-0.03463546559214592,"w":-0.9648110866546631},"size":60.713809967041019,"orthographic":false}