{"cameraMode":{"drawMode":0,"name":"Shaded","section":"Shading Mode"},"sceneLighting":false,"audioPlay":false,"sceneViewState":{"showFog":true,"showMaterialUpdate":false,"showSkybox":false,"showFlares":true,"showImageEffects":true,"showParticleSystems":true},"in2DMode":false,"pivot":{"x":0.789368212223053,"y":-0.6594457626342773,"z":2.276033878326416},"rotation":{"x":-0.15023010969161988,"y":-0.11333153396844864,"z":0.01733831875026226,"w":-0.9819820523262024},"size":1.669389247894287,"orthographic":false}