{"cameraMode":{"drawMode":0,"name":"Shaded","section":"Shading Mode"},"sceneLighting":true,"audioPlay":false,"sceneViewState":{"showFog":true,"showMaterialUpdate":false,"showSkybox":true,"showFlares":true,"showImageEffects":true,"showParticleSystems":true},"in2DMode":false,"pivot":{"x":954.4931640625,"y":243.52154541015626,"z":209.6424102783203},"rotation":{"x":0.31043222546577456,"y":-0.34012237191200259,"z":0.12004959583282471,"w":0.8795097470283508},"size":228.84173583984376,"orthographic":false}