{"cameraMode":{"drawMode":0,"name":"Shaded","section":"Shading Mode"},"sceneLighting":false,"audioPlay":false,"sceneViewState":{"showFog":true,"showMaterialUpdate":false,"showSkybox":false,"showFlares":true,"showImageEffects":true,"showParticleSystems":true},"in2DMode":false,"pivot":{"x":0.18000000715255738,"y":1.75,"z":1.1256449222564698},"rotation":{"x":-0.04013887047767639,"y":0.04494423419237137,"z":0.001807267079129815,"w":0.9981813430786133},"size":1.497464656829834,"orthographic":false}