{"cameraMode":{"drawMode":0,"name":"Shaded","section":"Shading Mode"},"sceneLighting":false,"audioPlay":false,"sceneViewState":{"showFog":true,"showMaterialUpdate":false,"showSkybox":false,"showFlares":true,"showImageEffects":true,"showParticleSystems":true},"in2DMode":false,"pivot":{"x":0.2019302397966385,"y":-0.05429881811141968,"z":0.005551695823669434},"rotation":{"x":-0.08092668652534485,"y":0.7539493441581726,"z":-0.09459187090396881,"w":-0.6450307369232178},"size":1.0693892240524293,"orthographic":false}