{"cameraMode":{"drawMode":0,"name":"Shaded","section":"Shading Mode"},"sceneLighting":true,"audioPlay":false,"sceneViewState":{"showFog":true,"showMaterialUpdate":false,"showSkybox":true,"showFlares":true,"showImageEffects":true,"showParticleSystems":true},"in2DMode":false,"pivot":{"x":418.2917785644531,"y":25.234737396240236,"z":70.38479614257813},"rotation":{"x":-0.19549626111984254,"y":0.021177861839532853,"z":-0.0042229085229337219,"w":-0.980468213558197},"size":73.56219482421875,"orthographic":false}