{"cameraMode":{"drawMode":0,"name":"Shaded","section":"Shading Mode"},"sceneLighting":false,"audioPlay":false,"sceneViewState":{"showFog":true,"showMaterialUpdate":false,"showSkybox":false,"showFlares":true,"showImageEffects":true,"showParticleSystems":true},"in2DMode":false,"pivot":{"x":-0.6438214778900147,"y":1.7197389602661133,"z":1.8411307334899903},"rotation":{"x":-0.056694310158491138,"y":0.8620575666427612,"z":-0.09897300601005554,"w":-0.4938092827796936},"size":1.497464656829834,"orthographic":false}