{"cameraMode":{"drawMode":0,"name":"Shaded","section":"Shading Mode"},"sceneLighting":true,"audioPlay":false,"sceneViewState":{"showFog":true,"showMaterialUpdate":false,"showSkybox":true,"showFlares":true,"showImageEffects":true,"showParticleSystems":true},"in2DMode":false,"pivot":{"x":-28.521995544433595,"y":-17.13190460205078,"z":3.120393753051758},"rotation":{"x":-0.06534068286418915,"y":0.764548122882843,"z":-0.07849463820457459,"w":-0.6364251375198364},"size":77.09410095214844,"orthographic":false}