{"cameraMode":{"drawMode":0,"name":"Shaded","section":"Shading Mode"},"sceneLighting":true,"audioPlay":false,"sceneViewState":{"showFog":true,"showMaterialUpdate":false,"showSkybox":true,"showFlares":true,"showImageEffects":true,"showParticleSystems":true},"in2DMode":false,"pivot":{"x":-15.186352729797364,"y":-11.016509056091309,"z":-16.703079223632814},"rotation":{"x":-0.18148347735404969,"y":0.2596910297870636,"z":-0.0497579388320446,"w":-0.9471798539161682},"size":32.69404602050781,"orthographic":false}