{"cameraMode":{"drawMode":0,"name":"Shaded","section":"Shading Mode"},"sceneLighting":true,"audioPlay":false,"sceneViewState":{"showFog":true,"showMaterialUpdate":false,"showSkybox":true,"showFlares":true,"showImageEffects":true,"showParticleSystems":true},"in2DMode":false,"pivot":{"x":24.86167335510254,"y":-6.919102191925049,"z":-14.735260009765625},"rotation":{"x":0.09755493700504303,"y":0.8440163731575012,"z":-0.16435782611370088,"w":0.5011292695999146},"size":84.53507995605469,"orthographic":false}