{"cameraMode":{"drawMode":0,"name":"Shaded","section":"Shading Mode"},"sceneLighting":false,"audioPlay":false,"sceneViewState":{"showFog":true,"showMaterialUpdate":false,"showSkybox":false,"showFlares":true,"showImageEffects":true,"showParticleSystems":true},"in2DMode":false,"pivot":{"x":3.104560136795044,"y":0.7791645526885986,"z":2.4311304092407228},"rotation":{"x":-0.23462684452533723,"y":-0.39354732632637026,"z":0.10463330149650574,"w":-0.8826932311058044},"size":3.024744749069214,"orthographic":false}