{"cameraMode":{"drawMode":0,"name":"Shaded","section":"Shading Mode"},"sceneLighting":false,"audioPlay":false,"sceneViewState":{"showFog":true,"showMaterialUpdate":false,"showSkybox":false,"showFlares":true,"showImageEffects":true,"showParticleSystems":true},"in2DMode":false,"pivot":{"x":-0.17446327209472657,"y":1.0353546142578126,"z":3.9568514823913576},"rotation":{"x":-0.214455246925354,"y":-0.46146512031555178,"z":0.11601915955543518,"w":-0.8529942035675049},"size":4.389575958251953,"orthographic":false}